ID,PSW
st001,468c4e298a7fa55c200da20f7b63a93245058e7941701496b30de56d8553908c
st002,8a422149e0cdd4f2e3d5f2f98efb015529fbf1176953244dbf0908be77fa53a0
st003,4c0f5201aecab4861250f21496e656c4cf0229bf24161a735530bca0bea4c825
st004,0d7c8a24b0a89016792f3bbad760761097bfc76d88ac785872b061e920373f0f
st005,22585eb1a520bf98d4745520bfcbae1e3bf7657db2be6422a19065668629a3cb
st006,94b76e8dddb81495f7994c44c56437fc480328d29f0faebef487e39f2121fddc
st007,5a56fa0fe4c235d4b618bcfe57a13ea7d64d06148a9bcefc51ad618041c4ef3d
st008,c0555001f66d00946560621993f0b67e6d3b3988801fdfd4559c67bb4568c678
st009,52df45c6f55bad641911eb3b73a463af921db72c046ffc78e177bdc7fc65abc7
st010,6a80dd7a0f58e451be9343707912a69514097a36d8b3b0160e7d9bc7c4331b0b
ad001,0876dfca6d6fedf99b2ab87b6e2fed4bd4051ede78a8a9135b500b2e94d99b88
ad002,243a5a4f4e3a27de86391f07cf058a7b0b73ce46069bf84df749306298560f4f
samandar,41c991eb6a66242c0454191244278183ce58cf4a6bcd372f799e4b9cc01886af
sanjar,41c991eb6a66242c0454191244278183ce58cf4a6bcd372f799e4b9cc01886af
